<?xml version="1.0" encoding="utf-8"?>
<tables>
	<table name="OFN_Column" Comment="">
		<columns>
			<column Field="OFN_Column_ID" Type="int(10) unsigned" Null="NO" Key="PRI" Default="null" Comment=""></column>
			<column Field="OFN_Table_ID" Type="int(10) unsigned" Null="YES" Key="" Default="null" Comment=""></column>
			<column Field="Column_Name" Type="char(40)" Null="YES" Key="" Default="null" Comment=""></column>
			<column Field="Column_Reference_ID" Type="int(10) unsigned" Null="YES" Key="" Default="null" Comment=""></column>
			<column Field="Column_Size" Type="int(10) unsigned" Null="YES" Key="" Default="null" Comment=""></column>
			<column Field="Primary_key" Type="bit(1)" Null="NO" Key="" Default="b'0'" Comment=""></column>
			<column Field="Not_Null" Type="bit(1)" Null="NO" Key="" Default="b'0'" Comment=""></column>
			<column Field="Base_Column" Type="bit(1)" Null="NO" Key="" Default="b'0'" Comment=""></column>
			<column Field="Column_Comment" Type="char(100)" Null="YES" Key="" Default="null" Comment=""></column>
			<column Field="OFN_create" Type="datetime" Null="YES" Key="" Default="null" Comment="登録日"></column>
			<column Field="OFN_craeted" Type="int(10) unsigned" Null="YES" Key="" Default="null" Comment="登録者ID"></column>
			<column Field="OFN_update" Type="datetime" Null="YES" Key="" Default="null" Comment="更新日"></column>
			<column Field="OFN_updated" Type="int(10) unsigned" Null="YES" Key="" Default="null" Comment="登録者ID"></column>
			<column Field="OFN_Security_ID" Type="int(10) unsigned" Null="YES" Key="" Default="null" Comment="セキュリティーID"></column>
		</columns>
	</table>
	<table name="OFN_Dictionary" Comment="">
		<columns>
			<column Field="OFN_Dictionary_ID" Type="int(10) unsigned" Null="NO" Key="PRI" Default="null" Comment=""></column>
			<column Field="Item_Name" Type="char(100)" Null="YES" Key="" Default="null" Comment=""></column>
			<column Field="OFN_create" Type="datetime" Null="YES" Key="" Default="null" Comment="登録日"></column>
			<column Field="OFN_craeted" Type="int(10) unsigned" Null="YES" Key="" Default="null" Comment="登録者ID"></column>
			<column Field="OFN_update" Type="datetime" Null="YES" Key="" Default="null" Comment="更新日"></column>
			<column Field="OFN_updated" Type="int(10) unsigned" Null="YES" Key="" Default="null" Comment="登録者ID"></column>
			<column Field="OFN_Security_ID" Type="int(10) unsigned" Null="YES" Key="" Default="null" Comment="セキュリティーID"></column>
		</columns>
	</table>
	<table name="OFN_Numbering" Comment="">
		<columns>
			<column Field="OFN_Numbering_ID" Type="int(10) unsigned" Null="NO" Key="PRI" Default="null" Comment=""></column>
			<column Field="OFN_Table_ID" Type="int(10) unsigned" Null="YES" Key="" Default="null" Comment=""></column>
			<column Field="Numbering" Type="int(10) unsigned" Null="YES" Key="" Default="null" Comment=""></column>
			<column Field="Start_Number" Type="int(10) unsigned" Null="YES" Key="" Default="null" Comment=""></column>
			<column Field="OFN_create" Type="datetime" Null="YES" Key="" Default="null" Comment="登録日"></column>
			<column Field="OFN_craeted" Type="int(10) unsigned" Null="YES" Key="" Default="null" Comment="登録者ID"></column>
			<column Field="OFN_update" Type="datetime" Null="YES" Key="" Default="null" Comment="更新日"></column>
			<column Field="OFN_updated" Type="int(10) unsigned" Null="YES" Key="" Default="null" Comment="登録者ID"></column>
			<column Field="OFN_Security_ID" Type="int(10) unsigned" Null="YES" Key="" Default="null" Comment="セキュリティーID"></column>
		</columns>
	</table>
	<table name="OFN_Reference" Comment="">
		<columns>
			<column Field="OFN_Reference_ID" Type="int(10) unsigned" Null="NO" Key="PRI" Default="null" Comment=""></column>
			<column Field="Reference_Name" Type="char(100)" Null="YES" Key="" Default="null" Comment=""></column>
			<column Field="Need_Size" Type="bit(1)" Null="NO" Key="" Default="b'0'" Comment=""></column>
			<column Field="Object_Class" Type="char(100)" Null="YES" Key="" Default="null" Comment=""></column>
			<column Field="Reference_Type" Type="char(20)" Null="YES" Key="" Default="null" Comment=""></column>
			<column Field="OFN_create" Type="datetime" Null="YES" Key="" Default="null" Comment="登録日"></column>
			<column Field="OFN_craeted" Type="int(10) unsigned" Null="YES" Key="" Default="null" Comment="登録者ID"></column>
			<column Field="OFN_update" Type="datetime" Null="YES" Key="" Default="null" Comment="更新日"></column>
			<column Field="OFN_updated" Type="int(10) unsigned" Null="YES" Key="" Default="null" Comment="登録者ID"></column>
			<column Field="OFN_Security_ID" Type="int(10) unsigned" Null="YES" Key="" Default="null" Comment="セキュリティーID"></column>
		</columns>
	</table>
	<table name="OFN_Table" Comment="テーブル情報">
		<columns>
			<column Field="OFN_Table_ID" Type="int(10) unsigned" Null="NO" Key="PRI" Default="null" Comment=""></column>
			<column Field="Table_Name" Type="char(20)" Null="YES" Key="" Default="null" Comment="テーブル名"></column>
			<column Field="Table_Version" Type="decimal(5,2)" Null="YES" Key="" Default="null" Comment="テーブルバージョン"></column>
			<column Field="OFN_create" Type="datetime" Null="YES" Key="" Default="null" Comment="登録日"></column>
			<column Field="OFN_craeted" Type="int(10) unsigned" Null="YES" Key="" Default="null" Comment="登録者ID"></column>
			<column Field="OFN_update" Type="datetime" Null="YES" Key="" Default="null" Comment="更新日"></column>
			<column Field="OFN_updated" Type="int(10) unsigned" Null="YES" Key="" Default="null" Comment="登録者ID"></column>
			<column Field="OFN_Security_ID" Type="int(10) unsigned" Null="YES" Key="" Default="null" Comment="セキュリティーID"></column>
		</columns>
	</table>
	<table name="OFN_User" Comment="">
		<columns>
			<column Field="OFN_User_ID" Type="int(10) unsigned" Null="NO" Key="PRI" Default="null" Comment=""></column>
			<column Field="User_Name" Type="char(100)" Null="YES" Key="" Default="null" Comment=""></column>
			<column Field="User_Password" Type="char(100)" Null="YES" Key="" Default="null" Comment=""></column>
			<column Field="OFN_Create" Type="datetime" Null="YES" Key="" Default="null" Comment=""></column>
			<column Field="OFN_Created" Type="int(10) unsigned" Null="YES" Key="" Default="null" Comment=""></column>
			<column Field="OFN_Update" Type="datetime" Null="YES" Key="" Default="null" Comment=""></column>
			<column Field="OFN_Updated" Type="int(10) unsigned" Null="YES" Key="" Default="null" Comment=""></column>
			<column Field="OFN_Security_ID" Type="int(10) unsigned" Null="YES" Key="" Default="null" Comment=""></column>
		</columns>
	</table>
</tables>