<?xml version="1.0" encoding="UTF-8"?>
<table name="OFN_Column" id="1005">
	<information>
		<!-- 採番情報 -->
		<data id="$New">
			<field name="OFN_Table_ID" value="$T_OFN_Numbering" type="2"></field>
			<field name="Field_Name" value="OFN_Numbering_ID" type="1"></field>
			<field name="Field_Type_ID" value="$R_情報ID" type="2"></field>
			<field name="OFN_Comment" value="採番情報ID" type="1"></field>
			<field name="OFN_create" value="$now" type="3"></field>
			<field name="OFN_created" value="100001" type="2"></field>
			<field name="OFN_update" value="$now" type="3"></field>
			<field name="OFN_updated" value="100001" type="2"></field>
			<field name="OFN_group_ID" value="0" type="2"></field>
		</data>
		<data id="$New">
			<field name="OFN_Table_ID" value="$T_OFN_Numbering" type="2"></field>
			<field name="Field_Name" value="OFN_Table_ID" type="1"></field>
			<field name="Field_Type_ID" value="$R_情報ID" type="2"></field>
			<field name="OFN_Comment" value="テーブル情報ID" type="1"></field>
			<field name="OFN_create" value="$now" type="3"></field>
			<field name="OFN_created" value="100001" type="2"></field>
			<field name="OFN_update" value="$now" type="3"></field>
			<field name="OFN_updated" value="100001" type="2"></field>
			<field name="OFN_group_ID" value="0" type="2"></field>
		</data>
		<data id="$New">
			<field name="OFN_Table_ID" value="$T_OFN_Numbering" type="2"></field>
			<field name="Field_Name" value="Start_Number" type="1"></field>
			<field name="Field_Type_ID" value="$R_自然数" type="2"></field>
			<field name="OFN_Comment" value="開始番号" type="1"></field>
			<field name="OFN_create" value="$now" type="3"></field>
			<field name="OFN_created" value="100001" type="2"></field>
			<field name="OFN_update" value="$now" type="3"></field>
			<field name="OFN_updated" value="100001" type="2"></field>
			<field name="OFN_group_ID" value="0" type="2"></field>
		</data>
		<data id="$New">
			<field name="OFN_Table_ID" value="$T_OFN_Numbering" type="2"></field>
			<field name="Field_Name" value="Current_Number" type="1"></field>
			<field name="Field_Type_ID" value="$R_自然数" type="2"></field>
			<field name="OFN_Comment" value="採番番号" type="1"></field>
			<field name="OFN_create" value="$now" type="3"></field>
			<field name="OFN_created" value="100001" type="2"></field>
			<field name="OFN_update" value="$now" type="3"></field>
			<field name="OFN_updated" value="100001" type="2"></field>
			<field name="OFN_group_ID" value="0" type="2"></field>
		</data>
		<data id="$New">
			<field name="OFN_Table_ID" value="$T_OFN_Numbering" type="2"></field>
			<field name="Field_Name" value="OFN_create" type="1"></field>
			<field name="Field_Type_ID" value="$R_日付" type="2"></field>
			<field name="OFN_Comment" value="登録日" type="1"></field>
			<field name="OFN_create" value="$now" type="3"></field>
			<field name="OFN_created" value="100001" type="2"></field>
			<field name="OFN_update" value="$now" type="3"></field>
			<field name="OFN_updated" value="100001" type="2"></field>
			<field name="OFN_group_ID" value="0" type="2"></field>
		</data>
		<data id="$New">
			<field name="OFN_Table_ID" value="$T_OFN_Numbering" type="2"></field>
			<field name="Field_Name" value="OFN_created" type="1"></field>
			<field name="Field_Type_ID" value="$R_情報ID" type="2"></field>
			<field name="OFN_Comment" value="登録者ID" type="1"></field>
			<field name="OFN_create" value="$now" type="3"></field>
			<field name="OFN_created" value="100001" type="2"></field>
			<field name="OFN_update" value="$now" type="3"></field>
			<field name="OFN_updated" value="100001" type="2"></field>
			<field name="OFN_group_ID" value="0" type="2"></field>
		</data>
		<data id="$New">
			<field name="OFN_Table_ID" value="$T_OFN_Numbering" type="2"></field>
			<field name="Field_Name" value="OFN_update" type="1"></field>
			<field name="Field_Type_ID" value="$R_日付" type="2"></field>
			<field name="OFN_Comment" value="更新日" type="1"></field>
			<field name="OFN_create" value="$now" type="3"></field>
			<field name="OFN_created" value="100001" type="2"></field>
			<field name="OFN_update" value="$now" type="3"></field>
			<field name="OFN_updated" value="100001" type="2"></field>
			<field name="OFN_group_ID" value="0" type="2"></field>
		</data>
		<data id="$New">
			<field name="OFN_Table_ID" value="$T_OFN_Numbering" type="2"></field>
			<field name="Field_Name" value="OFN_updated" type="1"></field>
			<field name="Field_Type_ID" value="$R_情報ID" type="2"></field>
			<field name="OFN_Comment" value="更新者ID" type="1"></field>
			<field name="OFN_create" value="$now" type="3"></field>
			<field name="OFN_created" value="100001" type="2"></field>
			<field name="OFN_update" value="$now" type="3"></field>
			<field name="OFN_updated" value="100001" type="2"></field>
			<field name="OFN_group_ID" value="0" type="2"></field>
		</data>
		<data id="$New">
			<field name="OFN_Table_ID" value="$T_OFN_Numbering" type="2"></field>
			<field name="Field_Name" value="OFN_group_ID" type="1"></field>
			<field name="Field_Type_ID" value="$R_情報ID" type="2"></field>
			<field name="OFN_Comment" value="グループID" type="1"></field>
			<field name="OFN_create" value="$now" type="3"></field>
			<field name="OFN_created" value="100001" type="2"></field>
			<field name="OFN_update" value="$now" type="3"></field>
			<field name="OFN_updated" value="100001" type="2"></field>
			<field name="OFN_group_ID" value="0" type="2"></field>
		</data>
		<!-- リファレンス情報 -->
		<data id="$New">
			<field name="OFN_Table_ID" value="$T_OFN_Reference" type="2"></field>
			<field name="Field_Name" value="OFN_Reference_ID" type="1"></field>
			<field name="Field_Type_ID" value="$R_情報ID" type="2"></field>
			<field name="OFN_Comment" value="参照情報ID" type="1"></field>
			<field name="OFN_create" value="$now" type="3"></field>
			<field name="OFN_created" value="100001" type="2"></field>
			<field name="OFN_update" value="$now" type="3"></field>
			<field name="OFN_updated" value="100001" type="2"></field>
			<field name="OFN_group_ID" value="0" type="2"></field>
		</data>
		<data id="$New">
			<field name="OFN_Table_ID" value="$T_OFN_Reference" type="2"></field>
			<field name="Field_Name" value="Reference_Name" type="1"></field>
			<field name="Field_Type_ID" value="$R_テキスト" type="2"></field>
			<field name="Field_Size" value="100" type="1"></field>
			<field name="OFN_Comment" value="参照名称" type="1"></field>
			<field name="OFN_create" value="$now" type="3"></field>
			<field name="OFN_created" value="100001" type="2"></field>
			<field name="OFN_update" value="$now" type="3"></field>
			<field name="OFN_updated" value="100001" type="2"></field>
			<field name="OFN_group_ID" value="0" type="2"></field>
		</data>
		<data id="$New">
			<field name="OFN_Table_ID" value="$T_OFN_Reference" type="2"></field>
			<field name="Field_Name" value="OFN_Comment" type="1"></field>
			<field name="Field_Type_ID" value="$R_複数行テキスト" type="2"></field>
			<field name="Field_Size" value="1000" type="1"></field>
			<field name="OFN_Comment" value="説明" type="1"></field>
			<field name="OFN_create" value="$now" type="3"></field>
			<field name="OFN_created" value="100001" type="2"></field>
			<field name="OFN_update" value="$now" type="3"></field>
			<field name="OFN_updated" value="100001" type="2"></field>
			<field name="OFN_group_ID" value="0" type="2"></field>
		</data>
		<data id="$New">
			<field name="OFN_Table_ID" value="$T_OFN_Reference" type="2"></field>
			<field name="Field_Name" value="Variable_Type_String" type="1"></field>
			<field name="Field_Type_ID" value="$R_テキスト" type="2"></field>
			<field name="Field_Size" value="100" type="1"></field>
			<field name="OFN_Comment" value="変数定義用型文字列" type="1"></field>
			<field name="OFN_create" value="$now" type="3"></field>
			<field name="OFN_created" value="100001" type="2"></field>
			<field name="OFN_update" value="$now" type="3"></field>
			<field name="OFN_updated" value="100001" type="2"></field>
			<field name="OFN_group_ID" value="0" type="2"></field>
		</data>
		<data id="$New">
			<field name="OFN_Table_ID" value="$T_OFN_Reference" type="2"></field>
			<field name="Field_Name" value="Import_Class" type="1"></field>
			<field name="Field_Type_ID" value="$R_テキスト" type="2"></field>
			<field name="Field_Size" value="100" type="1"></field>
			<field name="OFN_Comment" value="インポートクラス名" type="1"></field>
			<field name="OFN_create" value="$now" type="3"></field>
			<field name="OFN_created" value="100001" type="2"></field>
			<field name="OFN_update" value="$now" type="3"></field>
			<field name="OFN_updated" value="100001" type="2"></field>
			<field name="OFN_group_ID" value="0" type="2"></field>
		</data>
		<data id="$New">
			<field name="OFN_Table_ID" value="$T_OFN_Reference" type="2"></field>
			<field name="Field_Name" value="SQL_Type_CD" type="1"></field>
			<field name="Field_Type_ID" value="$R_リスト項目" type="2"></field>
			<field name="OFN_Comment" value="SQL属性コート" type="1"></field>
			<field name="OFN_create" value="$now" type="3"></field>
			<field name="OFN_created" value="100001" type="2"></field>
			<field name="OFN_update" value="$now" type="3"></field>
			<field name="OFN_updated" value="100001" type="2"></field>
			<field name="OFN_group_ID" value="0" type="2"></field>
		</data>
		<data id="$New">
			<field name="OFN_Table_ID" value="$T_OFN_Reference" type="2"></field>
			<field name="Field_Name" value="OFN_create" type="1"></field>
			<field name="Field_Type_ID" value="$R_日付" type="2"></field>
			<field name="OFN_Comment" value="登録日" type="1"></field>
			<field name="OFN_create" value="$now" type="3"></field>
			<field name="OFN_created" value="100001" type="2"></field>
			<field name="OFN_update" value="$now" type="3"></field>
			<field name="OFN_updated" value="100001" type="2"></field>
			<field name="OFN_group_ID" value="0" type="2"></field>
		</data>
		<data id="$New">
			<field name="OFN_Table_ID" value="$T_OFN_Reference" type="2"></field>
			<field name="Field_Name" value="OFN_created" type="1"></field>
			<field name="Field_Type_ID" value="$R_情報ID" type="2"></field>
			<field name="OFN_Comment" value="登録者ID" type="1"></field>
			<field name="OFN_create" value="$now" type="3"></field>
			<field name="OFN_created" value="100001" type="2"></field>
			<field name="OFN_update" value="$now" type="3"></field>
			<field name="OFN_updated" value="100001" type="2"></field>
			<field name="OFN_group_ID" value="0" type="2"></field>
		</data>
		<data id="$New">
			<field name="OFN_Table_ID" value="$T_OFN_Reference" type="2"></field>
			<field name="Field_Name" value="OFN_update" type="1"></field>
			<field name="Field_Type_ID" value="$R_日付" type="2"></field>
			<field name="OFN_Comment" value="更新日" type="1"></field>
			<field name="OFN_create" value="$now" type="3"></field>
			<field name="OFN_created" value="100001" type="2"></field>
			<field name="OFN_update" value="$now" type="3"></field>
			<field name="OFN_updated" value="100001" type="2"></field>
			<field name="OFN_group_ID" value="0" type="2"></field>
		</data>
		<data id="$New">
			<field name="OFN_Table_ID" value="$T_OFN_Reference" type="2"></field>
			<field name="Field_Name" value="OFN_updated" type="1"></field>
			<field name="Field_Type_ID" value="$R_情報ID" type="2"></field>
			<field name="OFN_Comment" value="更新者ID" type="1"></field>
			<field name="OFN_create" value="$now" type="3"></field>
			<field name="OFN_created" value="100001" type="2"></field>
			<field name="OFN_update" value="$now" type="3"></field>
			<field name="OFN_updated" value="100001" type="2"></field>
			<field name="OFN_group_ID" value="0" type="2"></field>
		</data>
		<data id="$New">
			<field name="OFN_Table_ID" value="$T_OFN_Reference" type="2"></field>
			<field name="Field_Name" value="OFN_group_ID" type="1"></field>
			<field name="Field_Type_ID" value="$R_情報ID" type="2"></field>
			<field name="OFN_Comment" value="グループID" type="1"></field>
			<field name="OFN_create" value="$now" type="3"></field>
			<field name="OFN_created" value="100001" type="2"></field>
			<field name="OFN_update" value="$now" type="3"></field>
			<field name="OFN_updated" value="100001" type="2"></field>
			<field name="OFN_group_ID" value="0" type="2"></field>
		</data>
		<!-- テーブル情報 -->
		<data id="$New">
			<field name="OFN_Table_ID" value="$T_OFN_Table" type="2"></field>
			<field name="Field_Name" value="OFN_Table_ID" type="1"></field>
			<field name="Field_Type_ID" value="$R_情報ID" type="2"></field>
			<field name="OFN_Comment" value="テーブル情報ID" type="1"></field>
			<field name="OFN_create" value="$now" type="3"></field>
			<field name="OFN_created" value="100001" type="2"></field>
			<field name="OFN_update" value="$now" type="3"></field>
			<field name="OFN_updated" value="100001" type="2"></field>
			<field name="OFN_group_ID" value="0" type="2"></field>
		</data>
		<data id="$New">
			<field name="OFN_Table_ID" value="$T_OFN_Table" type="2"></field>
			<field name="Field_Name" value="Table_Name" type="1"></field>
			<field name="Field_Type_ID" value="$R_テキスト" type="2"></field>
			<field name="OFN_Comment" value="テーブル名" type="1"></field>
			<field name="Field_Size" value="100" type="1"></field>
			<field name="OFN_create" value="$now" type="3"></field>
			<field name="OFN_created" value="100001" type="2"></field>
			<field name="OFN_update" value="$now" type="3"></field>
			<field name="OFN_updated" value="100001" type="2"></field>
			<field name="OFN_group_ID" value="0" type="2"></field>
		</data>
		<data id="$New">
			<field name="OFN_Table_ID" value="$T_OFN_Table" type="2"></field>
			<field name="Field_Name" value="OFN_Name" type="1"></field>
			<field name="Field_Type_ID" value="$R_テキスト" type="2"></field>
			<field name="OFN_Comment" value="テーブル論理名" type="1"></field>
			<field name="Field_Size" value="100" type="1"></field>
			<field name="OFN_create" value="$now" type="3"></field>
			<field name="OFN_created" value="100001" type="2"></field>
			<field name="OFN_update" value="$now" type="3"></field>
			<field name="OFN_updated" value="100001" type="2"></field>
			<field name="OFN_group_ID" value="0" type="2"></field>
		</data>
		<data id="$New">
			<field name="OFN_Table_ID" value="$T_OFN_Table" type="2"></field>
			<field name="Field_Name" value="OFN_Comment" type="1"></field>
			<field name="Field_Type_ID" value="$R_複数行テキスト" type="2"></field>
			<field name="OFN_Comment" value="説明" type="1"></field>
			<field name="Field_Size" value="1000" type="1"></field>
			<field name="OFN_create" value="$now" type="3"></field>
			<field name="OFN_created" value="100001" type="2"></field>
			<field name="OFN_update" value="$now" type="3"></field>
			<field name="OFN_updated" value="100001" type="2"></field>
			<field name="OFN_group_ID" value="0" type="2"></field>
		</data>
		<data id="$New">
			<field name="OFN_Table_ID" value="$T_OFN_Table" type="2"></field>
			<field name="Field_Name" value="OFN_create" type="1"></field>
			<field name="Field_Type_ID" value="$R_日付" type="2"></field>
			<field name="OFN_Comment" value="登録日" type="1"></field>
			<field name="OFN_create" value="$now" type="3"></field>
			<field name="OFN_created" value="100001" type="2"></field>
			<field name="OFN_update" value="$now" type="3"></field>
			<field name="OFN_updated" value="100001" type="2"></field>
			<field name="OFN_group_ID" value="0" type="2"></field>
		</data>
		<data id="$New">
			<field name="OFN_Table_ID" value="$T_OFN_Table" type="2"></field>
			<field name="Field_Name" value="OFN_created" type="1"></field>
			<field name="Field_Type_ID" value="$R_情報ID" type="2"></field>
			<field name="OFN_Comment" value="登録者ID" type="1"></field>
			<field name="OFN_create" value="$now" type="3"></field>
			<field name="OFN_created" value="100001" type="2"></field>
			<field name="OFN_update" value="$now" type="3"></field>
			<field name="OFN_updated" value="100001" type="2"></field>
			<field name="OFN_group_ID" value="0" type="2"></field>
		</data>
		<data id="$New">
			<field name="OFN_Table_ID" value="$T_OFN_Table" type="2"></field>
			<field name="Field_Name" value="OFN_update" type="1"></field>
			<field name="Field_Type_ID" value="$R_日付" type="2"></field>
			<field name="OFN_Comment" value="更新日" type="1"></field>
			<field name="OFN_create" value="$now" type="3"></field>
			<field name="OFN_created" value="100001" type="2"></field>
			<field name="OFN_update" value="$now" type="3"></field>
			<field name="OFN_updated" value="100001" type="2"></field>
			<field name="OFN_group_ID" value="0" type="2"></field>
		</data>
		<data id="$New">
			<field name="OFN_Table_ID" value="$T_OFN_Table" type="2"></field>
			<field name="Field_Name" value="OFN_updated" type="1"></field>
			<field name="Field_Type_ID" value="$R_情報ID" type="2"></field>
			<field name="OFN_Comment" value="更新者ID" type="1"></field>
			<field name="OFN_create" value="$now" type="3"></field>
			<field name="OFN_created" value="100001" type="2"></field>
			<field name="OFN_update" value="$now" type="3"></field>
			<field name="OFN_updated" value="100001" type="2"></field>
			<field name="OFN_group_ID" value="0" type="2"></field>
		</data>
		<data id="$New">
			<field name="OFN_Table_ID" value="$T_OFN_Table" type="2"></field>
			<field name="Field_Name" value="OFN_group_ID" type="1"></field>
			<field name="Field_Type_ID" value="$R_情報ID" type="2"></field>
			<field name="OFN_Comment" value="グループID" type="1"></field>
			<field name="OFN_create" value="$now" type="3"></field>
			<field name="OFN_created" value="100001" type="2"></field>
			<field name="OFN_update" value="$now" type="3"></field>
			<field name="OFN_updated" value="100001" type="2"></field>
			<field name="OFN_group_ID" value="0" type="2"></field>
		</data>
		<!-- テーブル項目情報 -->
		<data id="$New">
			<field name="OFN_Table_ID" value="$T_OFN_Column" type="2"></field>
			<field name="Field_Name" value="OFN_Column_ID" type="1"></field>
			<field name="Field_Type_ID" value="$R_情報ID" type="2"></field>
			<field name="OFN_Comment" value="テーブル項目情報ID" type="1"></field>
			<field name="OFN_create" value="$now" type="3"></field>
			<field name="OFN_created" value="100001" type="2"></field>
			<field name="OFN_update" value="$now" type="3"></field>
			<field name="OFN_updated" value="100001" type="2"></field>
			<field name="OFN_group_ID" value="0" type="2"></field>
		</data>
		<data id="$New">
			<field name="OFN_Table_ID" value="$T_OFN_Column" type="2"></field>
			<field name="Field_Name" value="OFN_Table_ID" type="1"></field>
			<field name="Field_Type_ID" value="$R_情報ID" type="2"></field>
			<field name="OFN_Comment" value="テーブル情報ID" type="1"></field>
			<field name="OFN_create" value="$now" type="3"></field>
			<field name="OFN_created" value="100001" type="2"></field>
			<field name="OFN_update" value="$now" type="3"></field>
			<field name="OFN_updated" value="100001" type="2"></field>
			<field name="OFN_group_ID" value="0" type="2"></field>
		</data>
		<data id="$New">
			<field name="OFN_Table_ID" value="$T_OFN_Column" type="2"></field>
			<field name="Field_Name" value="Field_Name" type="1"></field>
			<field name="Field_Type_ID" value="$R_テキスト" type="2"></field>
			<field name="OFN_Comment" value="テーブル項目名" type="1"></field>
			<field name="Field_Size" value="100" type="1"></field>
			<field name="OFN_create" value="$now" type="3"></field>
			<field name="OFN_created" value="100001" type="2"></field>
			<field name="OFN_update" value="$now" type="3"></field>
			<field name="OFN_updated" value="100001" type="2"></field>
			<field name="OFN_group_ID" value="0" type="2"></field>
		</data>
		<data id="$New">
			<field name="OFN_Table_ID" value="$T_OFN_Column" type="2"></field>
			<field name="Field_Name" value="Field_Type_ID" type="1"></field>
			<field name="Field_Type_ID" value="$R_情報ID" type="2"></field>
			<field name="OFN_Comment" value="テーブル項目属性ID" type="1"></field>
			<field name="OFN_create" value="$now" type="3"></field>
			<field name="OFN_created" value="100001" type="2"></field>
			<field name="OFN_update" value="$now" type="3"></field>
			<field name="OFN_updated" value="100001" type="2"></field>
			<field name="OFN_group_ID" value="0" type="2"></field>
		</data>
		<data id="$New">
			<field name="OFN_Table_ID" value="$T_OFN_Column" type="2"></field>
			<field name="Field_Name" value="OFN_Comment" type="1"></field>
			<field name="Field_Type_ID" value="$R_複数行テキスト" type="2"></field>
			<field name="OFN_Comment" value="テーブル項目説明" type="1"></field>
			<field name="Field_Size" value="1000" type="1"></field>
			<field name="OFN_create" value="$now" type="3"></field>
			<field name="OFN_created" value="100001" type="2"></field>
			<field name="OFN_update" value="$now" type="3"></field>
			<field name="OFN_updated" value="100001" type="2"></field>
			<field name="OFN_group_ID" value="0" type="2"></field>
		</data>
		<data id="$New">
			<field name="OFN_Table_ID" value="$T_OFN_Column" type="2"></field>
			<field name="Field_Name" value="Field_Size" type="1"></field>
			<field name="Field_Type_ID" value="$R_自然数" type="2"></field>
			<field name="OFN_Comment" value="項目サイズ" type="1"></field>
			<field name="OFN_create" value="$now" type="3"></field>
			<field name="OFN_created" value="100001" type="2"></field>
			<field name="OFN_update" value="$now" type="3"></field>
			<field name="OFN_updated" value="100001" type="2"></field>
			<field name="OFN_group_ID" value="0" type="2"></field>
		</data>
		<data id="$New">
			<field name="OFN_Table_ID" value="$T_OFN_Column" type="2"></field>
			<field name="Field_Name" value="OFN_create" type="1"></field>
			<field name="Field_Type_ID" value="$R_日付" type="2"></field>
			<field name="OFN_Comment" value="登録日" type="1"></field>
			<field name="OFN_create" value="$now" type="3"></field>
			<field name="OFN_created" value="100001" type="2"></field>
			<field name="OFN_update" value="$now" type="3"></field>
			<field name="OFN_updated" value="100001" type="2"></field>
			<field name="OFN_group_ID" value="0" type="2"></field>
		</data>
		<data id="$New">
			<field name="OFN_Table_ID" value="$T_OFN_Column" type="2"></field>
			<field name="Field_Name" value="OFN_created" type="1"></field>
			<field name="Field_Type_ID" value="$R_情報ID" type="2"></field>
			<field name="OFN_Comment" value="登録者ID" type="1"></field>
			<field name="OFN_create" value="$now" type="3"></field>
			<field name="OFN_created" value="100001" type="2"></field>
			<field name="OFN_update" value="$now" type="3"></field>
			<field name="OFN_updated" value="100001" type="2"></field>
			<field name="OFN_group_ID" value="0" type="2"></field>
		</data>
		<data id="$New">
			<field name="OFN_Table_ID" value="$T_OFN_Column" type="2"></field>
			<field name="Field_Name" value="OFN_update" type="1"></field>
			<field name="Field_Type_ID" value="$R_日付" type="2"></field>
			<field name="OFN_Comment" value="更新日" type="1"></field>
			<field name="OFN_create" value="$now" type="3"></field>
			<field name="OFN_created" value="100001" type="2"></field>
			<field name="OFN_update" value="$now" type="3"></field>
			<field name="OFN_updated" value="100001" type="2"></field>
			<field name="OFN_group_ID" value="0" type="2"></field>
		</data>
		<data id="$New">
			<field name="OFN_Table_ID" value="$T_OFN_Column" type="2"></field>
			<field name="Field_Name" value="OFN_updated" type="1"></field>
			<field name="Field_Type_ID" value="$R_情報ID" type="2"></field>
			<field name="OFN_Comment" value="更新者ID" type="1"></field>
			<field name="OFN_create" value="$now" type="3"></field>
			<field name="OFN_created" value="100001" type="2"></field>
			<field name="OFN_update" value="$now" type="3"></field>
			<field name="OFN_updated" value="100001" type="2"></field>
			<field name="OFN_group_ID" value="0" type="2"></field>
		</data>
		<data id="$New">
			<field name="OFN_Table_ID" value="$T_OFN_Column" type="2"></field>
			<field name="Field_Name" value="OFN_group_ID" type="1"></field>
			<field name="Field_Type_ID" value="$R_情報ID" type="2"></field>
			<field name="OFN_Comment" value="グループID" type="1"></field>
			<field name="OFN_create" value="$now" type="3"></field>
			<field name="OFN_created" value="100001" type="2"></field>
			<field name="OFN_update" value="$now" type="3"></field>
			<field name="OFN_updated" value="100001" type="2"></field>
			<field name="OFN_group_ID" value="0" type="2"></field>
		</data>
	</information>
</table>