<?xml version="1.0" encoding="UTF-8"?>
<table name="OFN_View" comment="画面情報">
	<columns>
		<column name="OFN_View_ID" notnull="YES" key="primary" type="int unsigned" comment="画面情報ID"></column>
		<column name="OFN_create" type="datetime" comment="更新日"></column>
		<column name="OFN_created" type="int unsigned" comment="更新者ID"></column>
		<column name="OFN_update" type="datetime" comment="更新日"></column>
		<column name="OFN_updated" type="int unsigned" comment="更新者ID"></column>
		<column name="OFN_group_ID" type="int unsigned" comment="グループID"></column>
	</columns>
</table>