<?xml version="1.0" encoding="UTF-8"?>
<table name="OFN_Reference" comment="参照情報">
	<columns>
		<column name="OFN_Reference_ID" notnull="YES" key="primary" type="int unsigned" comment="参照情報ID"></column>
		<column name="Reference_Name" notnull="YES" type="char" size="100" comment="参照名称"></column>
		<column name="OFN_comment" type="varchar" size="1000" comment="説明"></column>
		<column name="Variable_Type_String" type="char" size="100" comment="変数定義用型文字列"></column>
		<column name="Import_Class" type="char" size="100" comment="インポートクラス名"></column>
		<!-- SQL属性コートに変更 2020-03-07
		<column name="IsString" type="int" comment="文字列属性" default="0"></column>
		<column name="IsDate" type="int" comment="日付属性" default="0"></column>
		 -->
		<column name="SQL_Type_CD" type="int" comment="SQL属性コート"></column>
		<column name="OFN_create" type="datetime" comment="登録日"></column>
		<column name="OFN_created" type="int unsigned" comment="登録者ID"></column>
		<column name="OFN_update" type="datetime" comment="更新日"></column>
		<column name="OFN_updated" type="int unsigned" comment="更新者ID"></column>
		<column name="OFN_group_ID" type="int unsigned" comment="グループID"></column>
	</columns>
</table>