<?xml version="1.0" encoding="UTF-8"?>
<table name="OFN_Numbering" comment="採番情報">
	<columns>
		<column name="OFN_Numbering_ID" notnull="YES" key="primary" type="int unsigned" comment="採番情報ID"></column>
		<column name="OFN_Table_ID" notnull="YES" type="int unsigned" comment="テーブル情報ID"></column>
		<column name="Start_Number" notnull="YES" type="int unsigned" comment="開始番号"></column>
		<column name="Current_Number" notnull="YES" type="int unsigned" comment="採番番号"></column>
		<column name="OFN_create" type="datetime" comment="登録日"></column>
		<column name="OFN_created" type="int unsigned" comment="登録者ID"></column>
		<column name="OFN_update" type="datetime" comment="更新日"></column>
		<column name="OFN_updated" type="int unsigned" comment="更新者ID"></column>
		<column name="OFN_group_ID" type="int unsigned" comment="グループID"></column>
	</columns>
</table>