<?xml version="1.0" encoding="UTF-8"?>
<table name="OFN_Table" id="1003">
	<information>
		<data id="1001">
			<field name="Table_Name" value="OFN_DB_Log" type="1"></field>
			<field name="OFN_Name" value="データベース更新情報" type="1"></field>
			<field name="OFN_comment" value="各項目の更新時内容を保持する。" type="4"></field>
			<field name="OFN_create" value="$now" type="3"></field>
			<field name="OFN_created" value="100001" type="2"></field>
			<field name="OFN_update" value="$now" type="3"></field>
			<field name="OFN_updated" value="100001" type="2"></field>
			<field name="OFN_group_ID" value="0" type="2"></field>
		</data>
		<data id="1002">
			<field name="Table_Name" value="OFN_Numbering" type="1"></field>
			<field name="OFN_Name" value="採番情報" type="1"></field>
			<field name="OFN_comment" value="IDの採番の為の数値を管理する。" type="4"></field>
			<field name="OFN_create" value="$now" type="3"></field>
			<field name="OFN_created" value="100001" type="2"></field>
			<field name="OFN_update" value="$now" type="3"></field>
			<field name="OFN_updated" value="100001" type="2"></field>
			<field name="OFN_group_ID" value="0" type="2"></field>
		</data>
		<data id="1003">
			<field name="Table_Name" value="OFN_Table" type="1"></field>
			<field name="OFN_Name" value="テーブル情報" type="1"></field>
			<field name="OFN_comment" value="システムで使用するテーブルに関する情報を管理する。" type="4"></field>
			<field name="OFN_create" value="$now" type="3"></field>
			<field name="OFN_created" value="100001" type="2"></field>
			<field name="OFN_update" value="$now" type="3"></field>
			<field name="OFN_updated" value="100001" type="2"></field>
			<field name="OFN_group_ID" value="0" type="2"></field>
		</data>
		<data id="1004">
			<field name="Table_Name" value="OFN_Reference" type="1"></field>
			<field name="OFN_Name" value="参照情報" type="1"></field>
			<field name="OFN_comment" value="各情報で使用する項目等に関する共通情報を管理する。" type="4"></field>
			<field name="OFN_create" value="$now" type="3"></field>
			<field name="OFN_created" value="100001" type="2"></field>
			<field name="OFN_update" value="$now" type="3"></field>
			<field name="OFN_updated" value="100001" type="2"></field>
			<field name="OFN_group_ID" value="0" type="2"></field>
		</data>
		<data id="1005">
			<field name="Table_Name" value="OFN_Column" type="1"></field>
			<field name="OFN_Name" value="テーブル項目情報" type="1"></field>
			<field name="OFN_comment" value="テーブルの項目関する情報を管るする。" type="4"></field>
			<field name="OFN_create" value="$now" type="3"></field>
			<field name="OFN_created" value="100001" type="2"></field>
			<field name="OFN_update" value="$now" type="3"></field>
			<field name="OFN_updated" value="100001" type="2"></field>
			<field name="OFN_group_ID" value="0" type="2"></field>
		</data>
	</information>
</table>
