<?xml version="1.0" encoding="UTF-8"?>
<table name="OFN_DB_Log" comment="データベースログ情報">
	<columns>
		<column name="OFN_DB_Log_ID" notnull="YES" key="primary" comment="データベースログ情報ID" type="int unsigned"></column>
		<column name="Log_Type_CD" type="int" notnull="YES" comment="ログ属性コード"></column>
		<column name="Log_Level_CD" type="int" notnull="YES" comment="ログレベルコード"></column>
		<column name="SQL_Text" type="varchar" size="1000" comment="SQLステートメント"></column>
		<column name="OFN_create" type="datetime" comment="登録日"></column>
		<column name="OFN_created" type="int unsigned" comment="登録者ID"></column>
		<column name="OFN_update" type="datetime" comment="更新日"></column>
		<column name="OFN_updated" type="int unsigned" comment="更新者ID"></column>
		<column name="OFN_group_ID" type="int unsigned" comment="グループID"></column>
	</columns>
</table>

