<?xml version="1.0" encoding="UTF-8"?>
<table name="OFN_Numbering" id="1002">
	<information>
		<data id="10001">
			<field name="OFN_Table_ID" value="1001" type="2"></field>
			<field name="Start_Number" value="1" type="2"></field>
			<field name="Current_Number" value="0" type="2"></field>
			<field name="OFN_create" value="$now" type="3"></field>
			<field name="OFN_created" value="100001" type="2"></field>
			<field name="OFN_update" value="$now" type="3"></field>
			<field name="OFN_updated" value="100001" type="2"></field>
			<field name="OFN_group_ID" value="0" type="2"></field>
		</data>
		<data id="10002">
			<field name="OFN_Table_ID" value="1002" type="2"></field>
			<field name="Start_Number" value="10001" type="2"></field>
			<field name="Current_Number" value="10005" type="2"></field>
			<field name="OFN_create" value="$now" type="3"></field>
			<field name="OFN_created" value="100001" type="2"></field>
			<field name="OFN_update" value="$now" type="3"></field>
			<field name="OFN_updated" value="100001" type="2"></field>
			<field name="OFN_group_ID" value="0" type="2"></field>
		</data>
		<data id="10003">
			<field name="OFN_Table_ID" value="1003" type="2"></field>
			<field name="Start_Number" value="1001" type="2"></field>
			<field name="Current_Number" value="1005" type="2"></field>
			<field name="OFN_create" value="$now" type="3"></field>
			<field name="OFN_created" value="100001" type="2"></field>
			<field name="OFN_update" value="$now" type="3"></field>
			<field name="OFN_updated" value="100001" type="2"></field>
			<field name="OFN_group_ID" value="0" type="2"></field>
		</data>
		<data id="10004">
			<field name="OFN_Table_ID" value="1004" type="2"></field>
			<field name="Start_Number" value="100001" type="2"></field>
			<field name="Current_Number" value="0" type="2"></field>
			<field name="OFN_create" value="$now" type="3"></field>
			<field name="OFN_created" value="100001" type="2"></field>
			<field name="OFN_update" value="$now" type="3"></field>
			<field name="OFN_updated" value="100001" type="2"></field>
			<field name="OFN_group_ID" value="0" type="2"></field>
		</data>
		<data id="10005">
			<field name="OFN_Table_ID" value="1005" type="2"></field>
			<field name="Start_Number" value="100001" type="2"></field>
			<field name="Current_Number" value="0" type="2"></field>
			<field name="OFN_create" value="$now" type="3"></field>
			<field name="OFN_created" value="100001" type="2"></field>
			<field name="OFN_update" value="$now" type="3"></field>
			<field name="OFN_updated" value="100001" type="2"></field>
			<field name="OFN_group_ID" value="0" type="2"></field>
		</data>
	</information>
</table>