<?xml version="1.0" encoding="UTF-8"?>
<table name="OFN_Reference" id="1004">
	<information>
		<data id="$New">
			<field name="Reference_Name" value="情報ID" type="1"></field>
			<field name="OFN_comment" value="テーブル中の情報をユニークに管理するためのID。" type="1"></field>
			<field name="Variable_Type_String" value="int" type="1"></field>
			<field name="SQL_Type_CD" value="1" type="1"></field>
			<field name="OFN_create" value="$now" type="3"></field>
			<field name="OFN_created" value="100001" type="2"></field>
			<field name="OFN_update" value="$now" type="3"></field>
			<field name="OFN_updated" value="100001" type="2"></field>
			<field name="OFN_group_ID" value="0" type="2"></field>
		</data>
		<data id="$New">
			<field name="Reference_Name" value="テキスト" type="1"></field>
			<field name="OFN_comment" value="１行文字列（最大２５６文字）" type="1"></field>
			<field name="Variable_Type_String" value="String" type="1"></field>
			<field name="SQL_Type_CD" value="2" type="1"></field>
			<field name="OFN_create" value="$now" type="3"></field>
			<field name="OFN_created" value="100001" type="2"></field>
			<field name="OFN_update" value="$now" type="3"></field>
			<field name="OFN_updated" value="100001" type="2"></field>
			<field name="OFN_group_ID" value="0" type="2"></field>
		</data>
		<data id="$New">
			<field name="Reference_Name" value="複数行テキスト" type="1"></field>
			<field name="OFN_comment" value="複数行文字列" type="1"></field>
			<field name="Variable_Type_String" value="String" type="1"></field>
			<field name="SQL_Type_CD" value="2" type="1"></field>
			<field name="OFN_create" value="$now" type="3"></field>
			<field name="OFN_created" value="100001" type="2"></field>
			<field name="OFN_update" value="$now" type="3"></field>
			<field name="OFN_updated" value="100001" type="2"></field>
			<field name="OFN_group_ID" value="0" type="2"></field>
		</data>
		<data id="$New">
			<field name="Reference_Name" value="日付" type="1"></field>
			<field name="OFN_comment" value="日付情報" type="1"></field>
			<field name="Variable_Type_String" value="Calendar" type="1"></field>
			<field name="Import_Class" value="java.util.Calendar" type="1"></field>
			<field name="SQL_Type_CD" value="3" type="1"></field>
			<field name="OFN_create" value="$now" type="3"></field>
			<field name="OFN_created" value="100001" type="2"></field>
			<field name="OFN_update" value="$now" type="3"></field>
			<field name="OFN_updated" value="100001" type="2"></field>
			<field name="OFN_group_ID" value="0" type="2"></field>
		</data>
		<data id="$New">
			<field name="Reference_Name" value="自然数" type="1"></field>
			<field name="OFN_comment" value="自然数" type="1"></field>
			<field name="Variable_Type_String" value="int" type="1"></field>
			<field name="SQL_Type_CD" value="1" type="1"></field>
			<field name="OFN_create" value="$now" type="3"></field>
			<field name="OFN_created" value="100001" type="2"></field>
			<field name="OFN_update" value="$now" type="3"></field>
			<field name="OFN_updated" value="100001" type="2"></field>
			<field name="OFN_group_ID" value="0" type="2"></field>
		</data>
		<data id="$New">
			<field name="Reference_Name" value="YESNO" type="1"></field>
			<field name="OFN_comment" value="判定" type="1"></field>
			<field name="Variable_Type_String" value="boolean" type="1"></field>
			<field name="SQL_Type_CD" value="4" type="1"></field>
			<field name="OFN_create" value="$now" type="3"></field>
			<field name="OFN_created" value="100001" type="2"></field>
			<field name="OFN_update" value="$now" type="3"></field>
			<field name="OFN_updated" value="100001" type="2"></field>
			<field name="OFN_group_ID" value="0" type="2"></field>
		</data>
		<data id="$New">
			<field name="Reference_Name" value="リスト項目" type="1"></field>
			<field name="OFN_comment" value="項目リスト" type="1"></field>
			<field name="Variable_Type_String" value="int" type="1"></field>
			<field name="SQL_Type_CD" value="5" type="1"></field>
			<field name="OFN_create" value="$now" type="3"></field>
			<field name="OFN_created" value="100001" type="2"></field>
			<field name="OFN_update" value="$now" type="3"></field>
			<field name="OFN_updated" value="100001" type="2"></field>
			<field name="OFN_group_ID" value="0" type="2"></field>
		</data>
	</information>
</table>