<?xml version="1.0" encoding="UTF-8"?>
<table name="OFN_Column" comment="テーブル項目情報">
	<columns>
		<column name="OFN_Column_ID" notnull="YES" key="primary" type="int unsigned" comment="テーブル項目情報ID"></column>
		<column name="OFN_Table_ID" notnull="YES" type="int unsigned" comment="テーブル情報ID"></column>
		<column name="Field_Name" type="char" size="100" comment="項目名"></column>
		<column name="Field_Type_ID" type="int unsigned" comment="項目型ID"></column>
		<column name="Field_Size" type="int unsigned" comment="項目サイズ" default="0"></column>
		<column name="OFN_Comment" type="varchar" size="1000" comment="項目説明"></column>
		<column name="OFN_create" type="datetime" comment="登録日"></column>
		<column name="OFN_created" type="int unsigned" comment="登録者ID"></column>
		<column name="OFN_update" type="datetime" comment="更新日"></column>
		<column name="OFN_updated" type="int unsigned" comment="更新者ID"></column>
		<column name="OFN_group_ID" type="int unsigned" comment="グループID"></column>
	</columns>
</table>